Tip,Segment,Algoritma,MAPE,RMSE,MAE,Test_2024,Test_2025,Gercek_2024,Gercek_2025,Forecast_2026,Forecast_2027
Genre,Indie,Linear,2.702571408042757,0.10162670049730081,0.095136976458285,3.3512503988056324,3.666636460722202,3.4821217,3.607233809,3.9820225226388857,4.297408584555569
Genre,Indie,ARIMA,3.4707944954634375,0.13649155670719143,0.12399697402265986,3.4151746645012007,3.4261868964534794,3.4821217,3.607233809,3.427638844412181,3.427830281795984
Genre,Indie,HoltWinters,2.702571177569721,0.10162673208779263,0.09513696622497925,3.3512502919527236,3.666636333402682,3.4821217,3.607233809,3.98202237485264,4.2974084163025985
Genre,Indie,Prophet,2.7107282163294952,0.10207996397272279,0.0954164416714125,3.350428244898065,3.6663732372408897,3.4821217,3.607233809,3.9814549918997177,4.296536746558546
Genre,Indie,LightGBM,42.74848739377285,1.517218334511674,1.5159281693483275,2.0287495851516724,2.0287495851516724,3.4821217,3.607233809,2.0287495851516724,2.0287495851516724
Genre,Casual,Linear,7.148553538858293,0.033473887032688186,0.031696585983334524,0.4537939158333302,0.5057289488666612,0.411335009,0.526663214,0.5576639818999922,0.6095990149333375
Genre,Casual,ARIMA,35.12908825118303,0.1610858652160086,0.1602525995504826,0.5879509917490376,0.6705524303519276,0.411335009,0.526663214,0.7398333881635153,0.7979419537826504
Genre,Casual,HoltWinters,40.99650188264843,0.1891969969523147,0.1891916441767258,0.6019498290201701,0.7144316823332815,0.411335009,0.526663214,0.8269135356463928,0.9393953889595041
Genre,Casual,Prophet,7.133775416289617,0.03334508504133408,0.0316675621325172,0.45344576053982777,0.5054388412747934,0.411335009,0.526663214,0.5572898644121227,0.609140887549452
Genre,Casual,LightGBM,50.08565249356429,0.24531377086004638,0.2384401339046026,0.2305589775953974,0.2305589775953974,0.411335009,0.526663214,0.2305589775953974,0.2305589775953974
Genre,Action,Linear,16.711921529861517,1.5874816302934411,1.5141356955139047,7.06705950169453,7.66228182527766,8.104235008,9.65337771,8.257504148861017,8.852726472444374
Genre,Action,ARIMA,8.17669407879422,0.899017919350103,0.7620753058579273,7.819102515814881,8.414359590469264,8.104235008,9.65337771,9.009518650104958,9.604579710861115
Genre,Action,HoltWinters,16.711923459763618,1.5874817990346728,1.5141358670514071,7.067059347228787,7.662281636668398,8.104235008,9.65337771,8.25750392610801,8.852726215547623
Genre,Action,Prophet,16.73384351158934,1.589152501110886,1.5160282294141836,7.064719191232412,7.6608370679392195,8.104235008,9.65337771,8.255326207277978,8.849815346616733
Genre,Action,LightGBM,47.5378845444412,4.326152491460255,4.256246539097307,4.622559819902692,4.622559819902692,8.104235008,9.65337771,4.622559819902692,4.622559819902692
Genre,Adventure,Linear,19.175364852323217,0.08694789896003119,0.08594220613333248,0.4512378797777643,0.5042990360444293,0.523993944,0.405170688,0.5573601923110942,0.6104213485777592
Genre,Adventure,ARIMA,131.34198831705874,0.5955857191024533,0.5926150582436933,1.0571973742436933,1.0571973742436933,0.523993944,0.405170688,1.0571973742436933,1.0571973742436933
Genre,Adventure,HoltWinters,19.175355005515204,0.08694784899974396,0.08594218889905147,0.4512376799043907,0.5042988017024936,0.523993944,0.405170688,0.5573599235005965,0.6104210452986993
Genre,Adventure,Prophet,19.165136418163105,0.08689128504039552,0.08595425757225747,0.4507660771640543,0.5038513363085693,0.523993944,0.405170688,0.5567915537614325,0.6097317712142957
Genre,Adventure,LightGBM,50.2771326667392,0.2446790214636273,0.23735644504160364,0.22722587095839636,0.22722587095839636,0.523993944,0.405170688,0.22722587095839636,0.22722587095839636
Genre,Simulation,Linear,29.67689064357054,0.29206839936164974,0.29051001583888447,0.6539397582777724,0.7178435760444586,0.914318717,1.038484649,0.7817473938111164,0.8456512115777741
Genre,Simulation,ARIMA,19.79122001195413,0.19223653461986198,0.1911820688910259,0.7030293912796496,0.8674098369382985,0.914318717,1.038484649,0.8674098369382985,0.8674098369382985
Genre,Simulation,HoltWinters,10.124346306878575,0.09828530148108085,0.09790648590850975,0.8077912970194924,0.949199097163488,0.914318717,1.038484649,1.0906068973074838,1.2320146974514796
Genre,Simulation,Prophet,29.679244308831198,0.29208011926682903,0.29052868043046,0.6538546655920432,0.7178913395470368,0.914318717,1.038484649,0.7817530499119892,0.8456147602769419
Genre,Simulation,LightGBM,60.818547155101975,0.5986080701717018,0.5953799853936408,0.38102169760635923,0.38102169760635923,0.914318717,1.038484649,0.38102169760635923,0.38102169760635923
Genre,Strategy,Linear,5.449500704069535,0.018592495685991327,0.015109957441667987,0.29738056880555774,0.31458543292222174,0.271436864,0.318861643,0.33179029703889285,0.34899516115555684
Genre,Strategy,ARIMA,23.33879160322798,0.07751585449805574,0.07094833107587399,0.2317141957051131,0.2166876491431389,0.271436864,0.318861643,0.21251067795513062,0.21134959358797453
Genre,Strategy,HoltWinters,5.449500824299772,0.018592435185946693,0.015109967232987243,0.2973804611122881,0.3145853056463136,0.271436864,0.318861643,0.3317901501803391,0.34899499471436457
Genre,Strategy,Prophet,5.445191325483694,0.018466118527555933,0.015115496283785862,0.2971598720357756,0.31435365846820384,0.271436864,0.318861643,0.3315004673420735,0.3486472762159432
Genre,Strategy,LightGBM,25.747009024860507,0.08095721069608301,0.0774066699186205,0.2177425835813795,0.2177425835813795,0.271436864,0.318861643,0.2177425835813795,0.2177425835813795
Genre,RPG,Linear,23.28777448287408,0.12335977145938322,0.10261468833887821,0.5891218423888773,0.6384573242888791,0.418039213,0.604310577,0.687792806188881,0.7371282880888828
Genre,RPG,ARIMA,20.219768690268612,0.1672630943100505,0.12097300581753276,0.4125758370045909,0.36782794136034364,0.418039213,0.604310577,0.3538615850988392,0.34950251738369986
Genre,RPG,HoltWinters,23.28775104583989,0.12335967909416969,0.10261457071281749,0.5891217346361561,0.6384571967894789,0.418039213,0.604310577,0.6877926589428016,0.7371281210961242
Genre,RPG,Prophet,23.084341470634172,0.12254446305109823,0.10160049909186919,0.588156016784731,0.6373947713990075,0.418039213,0.604310577,0.6864989938968517,0.7356032163946957
Genre,RPG,LightGBM,23.05451158788176,0.1606568475641983,0.13090594870998384,0.3802689462900162,0.3802689462900162,0.418039213,0.604310577,0.3802689462900162,0.3802689462900162
Genre,Sports,Linear,78.48962601060698,0.04061879939596287,0.03895473340833336,0.009507207750000024,0.010551788433333265,0.036954743,0.06101372,0.011596369116666505,0.01264094980000019
Genre,Sports,ARIMA,82.64994214538206,0.044145282166493695,0.0416423538792917,0.009965726656955307,0.004718028584461289,0.036954743,0.06101372,0.004718028584461289,0.004718028584461289
Genre,Sports,HoltWinters,54.789094940205416,0.02889724937187016,0.027442623621282063,0.018564932755823542,0.02451828300161233,0.036954743,0.06101372,0.030471633247401115,0.0364249834931899
Genre,Sports,Prophet,78.50316880101214,0.04062454438833873,0.038960856665765965,0.009500634555592809,0.010546115112875261,0.036954743,0.06101372,0.011588739165902846,0.012631363218930427
Genre,Sports,LightGBM,89.25808639740971,0.045653103688510825,0.044039723918552084,0.004944507581447917,0.004944507581447917,0.036954743,0.06101372,0.004944507581447917,0.004944507581447917
Genre,Racing,Linear,32.82003046609333,0.00507220679011924,0.004999175847222137,0.00974510402777784,0.010596513277777886,0.015601906,0.014738063,0.011447922527777932,0.012299331777777756
Genre,Racing,ARIMA,44.52597612919937,0.0072807315663060155,0.0068215602537108275,0.006235671337725768,0.010461177154852577,0.015601906,0.014738063,0.005947727887918767,0.005947727887918767
Genre,Racing,HoltWinters,32.820807205749745,0.005072320826130917,0.004999293293471215,0.009744996749905336,0.010596385663152233,0.015601906,0.014738063,0.011447774576399127,0.012299163489646023
Genre,Racing,Prophet,32.86362186470016,0.005078778006592195,0.005005791792319361,0.009738189635126205,0.010590195780235073,0.015601906,0.014738063,0.011439874039701575,0.01228955229916807
Genre,Racing,LightGBM,61.529952114245845,0.009348798015424476,0.009338815136356558,0.0058311693636434415,0.0058311693636434415,0.015601906,0.014738063,0.0058311693636434415,0.0058311693636434415
Cluster,Cluster_0,Linear,30.56461250066119,0.3273025730506404,0.3148349433249945,0.6643422379166708,0.7250653974333403,0.889701303,1.129376219,0.7857885569499956,0.8465117164666651
Cluster,Cluster_0,ARIMA,13.215313785995475,0.1551441356544104,0.11983745800000001,1.1080714281112294,1.1080714281112294,0.889701303,1.129376219,1.1080714281112294,1.1080714281112294
Cluster,Cluster_0,HoltWinters,18.373584903325202,0.18493899096461633,0.1844576383495906,1.0608243984814578,1.3271684002177235,0.889701303,1.129376219,1.5935124019539892,1.8598564036902552
Cluster,Cluster_0,Prophet,30.60270968371841,0.32765570637263924,0.3152105658654131,0.6639365927420956,0.7247197975270784,0.889701303,1.129376219,0.7853369279820478,0.8459540584370169
Cluster,Cluster_0,LightGBM,60.12014089794585,0.6242203178334762,0.6126091648483757,0.39692959615162443,0.39692959615162443,0.889701303,1.129376219,0.39692959615162443,0.39692959615162443
Cluster,Cluster_5,Linear,41.29906446782389,0.027186168477514008,0.02508562982222249,0.03198375277777732,0.033834410577777696,0.046590884,0.069398539,0.03568506837777763,0.03753572617777756
Cluster,Cluster_5,ARIMA,42.62258757633005,0.032920463418141484,0.027362401661520905,0.03753301420845025,0.023731605468507937,0.046590884,0.069398539,0.023731605468507937,0.023731605468507937
Cluster,Cluster_5,HoltWinters,25.858276997582657,0.014151627907347333,0.013958900524601414,0.06287737309913391,0.08102985095006891,0.046590884,0.069398539,0.09918232880100392,0.1173348066519389
Cluster,Cluster_5,Prophet,41.357339030941475,0.027217069863462305,0.02511843835694436,0.03195256713381014,0.03379997915230114,0.046590884,0.069398539,0.035642343596971125,0.037484708041641106
Cluster,Cluster_5,LightGBM,58.24462445055099,0.03654021234093456,0.034715124027876236,0.023279587472123758,0.023279587472123758,0.046590884,0.069398539,0.023279587472123758,0.023279587472123758
Cluster,Cluster_6,Linear,9.779217021364412,1.4353342757784586,1.3938968945526113,12.155135586972392,13.236237766922386,13.206635153,14.97253199,14.31733994687238,15.398442126822374
Cluster,Cluster_6,ARIMA,2.794286407504036,0.4091127074209713,0.3980728819621877,13.510308945879531,15.465003961044845,13.206635153,14.97253199,17.17358214940007,18.66703222886238
Cluster,Cluster_6,HoltWinters,9.779217514692194,1.4353343442459499,1.3938969640452123,12.155135521592603,13.236237693316973,13.206635153,14.97253199,14.317339865041344,15.398442036765713
Cluster,Cluster_6,Prophet,9.829527984701175,1.4420431828855935,1.4009263417077813,12.147606349183421,13.229708110401017,13.206635153,14.97253199,14.3088533094295,15.387998508457976
Cluster,Cluster_6,LightGBM,45.38763069135061,6.485529977996819,6.425146005015277,7.6644375664847235,7.6644375664847235,13.206635153,14.97253199,7.6644375664847235,7.6644375664847235
Cluster,Cluster_9,Linear,37.28611249069059,0.028316047201828166,0.02273560129999983,0.027495649000000455,0.029870247399999883,0.033352537,0.069484562,0.0322448458000002,0.03461944419999963
Cluster,Cluster_9,ARIMA,32.53588955677657,0.02881270145727858,0.02143079673890539,0.031180315400548348,0.028795190121640876,0.033352537,0.069484562,0.026860062823730706,0.025290033067963572
Cluster,Cluster_9,HoltWinters,25.250293515180054,0.014767026857238639,0.013490650384312686,0.04083757047922698,0.04998829471060161,0.033352537,0.069484562,0.059139018941976235,0.06828974317335086
Cluster,Cluster_9,Prophet,37.308162319910885,0.02832260650432662,0.022744970841532465,0.027484661305937737,0.02986249601099733,0.033352537,0.069484562,0.03223383389992288,0.03460517178884843
Cluster,Cluster_9,LightGBM,61.60434361844409,0.03860173144521231,0.03411323589045954,0.017305313609540462,0.017305313609540462,0.033352537,0.069484562,0.017305313609540462,0.017305313609540462
